Workbook

Sheet ENERO 2026
R1: MES
B2: REPORTE DE AVANCE | R2: ENERO
B3: Fecha: 29/06/2022 | G3: Version: 01 | K3: GP-F-23
R4: FEBRERO
B5: Código Orden de servicio | D5: 90598918 | R5: MARZO
R6: JUNIO
B7: Mes a reportar | D7: ENERO | R7: JULIO
R8: AGOSTO
B9: Fecha reporte | D9: 46053 | R9: SEPTIEMBRE
R10: OCTUBRE
B11: Clasificación del servicio | J11: Reporte mes por servicio | L11: Reporte acumulado por servicio | R11: NOVIEMBRE
B12: Ítem general | C12: ítem actividad | D12: Descripción de la actividad | E12: Profesional a cargo | F12: Nivel contratado | G12: Soporte | H12: Medio de entrega | I12: Días contratados Acta de Inicio | J12: Días | K12: % avance | L12: Días | M12: % avance | R12: DICIEMBRE
B13: 1 | C13: 1.1 | D13: Generar Modelo Estático del yacimiento integrando la información disponible. | E13: Jesus David Arenas Navarro | F13: Junior | G13: Modelo Estático - Informe de Modelo - Cálculo de Volúmenes in Place | H13: Digital | I13: 25 | J13: 3 | K13: =IFERROR(J13/I13,0) -> 0.12 | L13: =J13 -> 3 | M13: =IFERROR(L13/I13,0) -> 0.12
B14: 1 | C14: 1.15 | D14: Carga de información para poblar el modelo geocelular (direccionales, coordenadas, surveys, topes, data de presión, estados mecánicos, evento de pozos, etc.) | G14: Modelo poblado | H14: Digital | I14: 25 | J14: 3 | K14: =IFERROR(J14/I14,0) -> 0.12 | L14: =J14 -> 3 | M14: =IFERROR(L14/I14,0) -> 0.12
B15: 1 | C15: 1.16 | D15: Georeferenciación de Mapas, pozos, Imágenes satélite, etc. y Definición de CRS (Cordinates Reference System) | G15: Información georeferenciada | H15: Digital | I15: 25 | J15: 3 | K15: =IFERROR(J15/I15,0) -> 0.12 | L15: =J15 -> 3 | M15: =IFERROR(L15/I15,0) -> 0.12
B16: 1 | C16: 1.17 | D16: Calculo probabilístico de Volúmenes In situ. | G16: Calculo Volumétrico - Bases de Datos | H16: Digital | I16: 25 | J16: 3 | K16: =IFERROR(J16/I16,0) -> 0.12 | L16: =J16 -> 3 | M16: =IFERROR(L16/I16,0) -> 0.12
B17: 1 | C17: 1.24 | D17: Caracterización composicional de fluidos de hidrocarburos mediante técnicas geoquímicas. | G17: - | H17: - | I17: 25 | J17: 0 | K17: =IFERROR(J17/I17,0) -> 0 | L17: =J17 -> 0 | M17: =IFERROR(L17/I17,0) -> 0
B18: 1 | C18: 1.25 | D18: Análisis geoquímicos de Fingerprinting | G18: - | H18: - | I18: 25 | J18: 0 | K18: =IFERROR(J18/I18,0) -> 0 | L18: =J18 -> 0 | M18: =IFERROR(L18/I18,0) -> 0
B19: 1 | C19: 1.26 | D19: Análisis e interpretación de imágenes de satélite | G19: - | H19: - | I19: 25 | J19: 0 | K19: =IFERROR(J19/I19,0) -> 0 | L19: =J19 -> 0 | M19: =IFERROR(L19/I19,0) -> 0
B20: 2 | C20: 2.5 | D20: Realizar caracterización Scal (interpretación) | G20: Informe | H20: Digital | I20: 25 | J20: 3 | K20: =IFERROR(J20/I20,0) -> 0.12 | L20: =J20 -> 3 | M20: =IFERROR(L20/I20,0) -> 0.12
B21: 2 | C21: 2.11 | D21: Generación de Modelos de Física de Rocas | G21: - | H21: - | I21: 25 | J21: 0 | K21: =IFERROR(J21/I21,0) -> 0 | L21: =J21 -> 0 | M21: =IFERROR(L21/I21,0) -> 0
B22: 8 | C22: 8.1 | D22: Revisión bibliográfica de modelos / metodologías y sus aplicaciones existentes, así como refinación de objetivos si procede. | E22: Jorge Felipe Alarcon Torres | F22: Junior | G22: Informe | H22: Digital | I22: 37 | J22: 2 | K22: =IFERROR(J22/I22,0) -> 0.054054054 | L22: =J22 -> 2 | M22: =IFERROR(L22/I22,0) -> 0.054054054
B23: 8 | C23: 8.2 | D23: Carga de datos, procesamiento de datos, Análisis Estadístico descriptivo considerando hipótesis desde la teoría, y análisis descriptivo considerando hipótesis generadas desde la misma data (pasos 1, 2 y 3 teoría CRISP-DM). | G23: Informe, con estadísticas descriptivas, histogramas, pruebas de ajuste, etc. | H23: Digital | I23: 37 | J23: 3 | K23: =IFERROR(J23/I23,0) -> 0.081081081 | L23: =J23 -> 3 | M23: =IFERROR(L23/I23,0) -> 0.081081081
B24: 8 | C24: 8.3 | D24: Construcción de modelo matemático utilizando las técnicas pertinentes de Ciencia de Datos (e.g. Programación Matemática / Optimización / Investigación de Operaciones, Modelamiento Probabilístico, Machine Learning, etc.), con dominio de conocimiento petrotecnico. Si el modelo es supervisado y no paramétrico, se debe generar el sustento y razonamiento respectivo, arquitectura, calibración de parámetros adecuado, pruebas de validación, generalización, desempeño, etc. La fase de modelamiento debe incluir el razonamiento del modelo y como se relaciona con los modelos petrotecnicos convencionales o actuales, en que difiere y cuál es su innovación en términos de analítica de datos. Lo anterior | G24: Formulación matemática, razonamientos, seudocódigo, definiciones, supuestos, pruebas estadísticas, pruebas de generalización, etc. | H24: Digital | I24: 37 | J24: 2 | K24: =IFERROR(J24/I24,0) -> 0.054054054 | L24: =J24 -> 2 | M24: =IFERROR(L24/I24,0) -> 0.054054054
B25: 8 | C25: 8.4 | D25: Análisis de resultados y análisis Estadístico - descriptivo de los resultados obtenidos, así como de las pruebas implementadas. Ejemplificación de la interpretación de resultados y auto-critica de los mismos. Mapeo de conclusiones, recomendaciones y validación de los objetivos con enfoque de valor. Es clave generar nociones para que los resultados puedan ser bien utilizados y/o asociados con otras metodologías. Si procede, se debe validar los resultados con los expertos o dolientes respectivos. Etapa 5 de la metodología CRISP- DM. | G25: Informe y/o presentación | H25: Digital | I25: 38 | J25: 2 | K25: =IFERROR(J25/I25,0) -> 0.052631579 | L25: =J25 -> 2 | M25: =IFERROR(L25/I25,0) -> 0.052631579
B26: 8 | C26: 8.5 | D26: Programación del modelo matemático en las herramientas que se considere más adecuada, e.g. R, Python, SAS, C++, Java, Matlab, Visual, etc. Los scripts deben respetar los planteamientos y consideraciones contenidas en el informe, debe contener buenas prácticas de programación (e.g. comentarios, identación (anglicismo de “identation”), separación por métodos o funciones, etc. – el programa no necesariamente debe estar orientado a objetos y otros paradigmas, e.g. la programación funcional podría ser altamente recomendable). | G26: Código. | H26: Digital | I26: 38 | J26: 3 | K26: =IFERROR(J26/I26,0) -> 0.078947368 | L26: =J26 -> 3 | M26: =IFERROR(L26/I26,0) -> 0.078947368
B27: 8 | C27: 8.6 | D27: Diseño modelo de datos "satélite" para el modelo matemático o la metodología aplicada. Si es el caso, se debe implementar la base de datos, e.g. en SQL. Adicionalmente, si es el caso, revisión del flujo de información respecto a procesos y actividades, así como de posibles fuentes de error en las mediciones o captura de la data. También, de aplicar, un análisis del error acumulado que se pueda estar generando antes de alimentar el modelo o metodología propuesta con la data. | G27: Documentación del modelo de datos (E.g. diagrama relacional), definiciones, diccionarios, relaciones. | H27: Digital | I27: 38 | J27: 3 | K27: =IFERROR(J27/I27,0) -> 0.078947368 | L27: =J27 -> 3 | M27: =IFERROR(L27/I27,0) -> 0.078947368
B28: 8 | C28: 8.1 | D28: Revisión bibliográfica de modelos / metodologías y sus aplicaciones existentes, así como refinación de objetivos si procede. | E28: Oscar Ivan Jimenez Barandica | F28: Junior | G28: Informe | H28: Documento: https://ecopetrol.sharepoint.com/:w:/s/vde/get/IQCJGX51Kg7mSpPiZhl1_-jCAb39voiLO1z7cqcxzk0aqys?email=jhonfr.gonzalez%40ecopetrol.com.co&e=FLO6eU | I28: 30 | J28: 5 | K28: =IFERROR(J28/I28,0) -> 0.16666667 | L28: =J28 -> 5 | M28: =IFERROR(L28/I28,0) -> 0.16666667
B29: 8 | C29: 8.2 | D29: Carga de datos, procesamiento de datos, Análisis Estadístico descriptivo considerando hipótesis desde la teoría, y análisis descriptivo considerando hipótesis generadas desde la misma data (pasos 1, 2 y 3 teoría CRISP-DM). | G29: Informe, con estadísticas descriptivas, histogramas, pruebas de ajuste, etc. | H29: Carpeta: https://ecopetrol.sharepoint.com/:u:/s/vde/get/IQCOq_mKpPMTT6rU8OdRuOlaAfLBNKQDI3-j9sz-QO90zLw?email=jhonfr.gonzalez%40ecopetrol.com.co&e=H1thvC | I29: 30 | J29: 5 | K29: =IFERROR(J29/I29,0) -> 0.16666667 | L29: =J29 -> 5 | M29: =IFERROR(L29/I29,0) -> 0.16666667
B30: 8 | C30: 8.3 | D30: Construcción de modelo matemático utilizando las técnicas pertinentes de Ciencia de Datos (e.g. Programación Matemática / Optimización / Investigación de Operaciones, Modelamiento Probabilístico, Machine Learning, etc.), con dominio de conocimiento petrotecnico. Si el modelo es supervisado y no paramétrico, se debe generar el sustento y razonamiento respectivo, arquitectura, calibración de parámetros adecuado, pruebas de validación, generalización, desempeño, etc. La fase de modelamiento debe incluir el razonamiento del modelo y como se relaciona con los modelos petrotecnicos convencionales o actuales, en que difiere y cuál es su innovación en términos de analítica de datos. Lo anterior | G30: Formulación matemática, razonamientos, seudocódigo, definiciones, supuestos, pruebas estadísticas, pruebas de generalización, etc. | H30: Codigo: https://ecopetrol.sharepoint.com/:u:/s/vde/get/IQDB0O3kMc02RIGx7y_FEMvDATbak4CrloJVQgfgrhTqqWk?email=jhonfr.gonzalez%40ecopetrol.com.co&e=cwWTuf | I30: 60 | J30: 5 | K30: =IFERROR(J30/I30,0) -> 0.083333333 | L30: =J30 -> 5 | M30: =IFERROR(L30/I30,0) -> 0.083333333
B31: 8 | C31: 8.4 | D31: Análisis de resultados y análisis Estadístico - descriptivo de los resultados obtenidos, así como de las pruebas implementadas. Ejemplificación de la interpretación de resultados y auto-critica de los mismos. Mapeo de conclusiones, recomendaciones y validación de los objetivos con enfoque de valor. Es clave generar nociones para que los resultados puedan ser bien utilizados y/o asociados con otras metodologías. Si procede, se debe validar los resultados con los expertos o dolientes respectivos. Etapa 5 de la metodología CRISP- DM. | G31: - | H31: - | I31: 30 | J31: 0 | K31: =IFERROR(J31/I31,0) -> 0 | L31: =J31 -> 0 | M31: =IFERROR(L31/I31,0) -> 0
B32: 8 | C32: 8.5 | D32: Programación del modelo matemático en las herramientas que se considere más adecuada, e.g. R, Python, SAS, C++, Java, Matlab, Visual, etc. Los scripts deben respetar los planteamientos y consideraciones contenidas en el informe, debe contener buenas prácticas de programación (e.g. comentarios, identación (anglicismo de “identation”), separación por métodos o funciones, etc. – el programa no necesariamente debe estar orientado a objetos y otros paradigmas, e.g. la programación funcional podría ser altamente recomendable). | G32: - | H32: - | I32: 45 | J32: 0 | K32: =IFERROR(J32/I32,0) -> 0 | L32: =J32 -> 0 | M32: =IFERROR(L32/I32,0) -> 0
B33: 8 | C33: 8.6 | D33: Diseño modelo de datos "satélite" para el modelo matemático o la metodología aplicada. Si es el caso, se debe implementar la base de datos, e.g. en SQL. Adicionalmente, si es el caso, revisión del flujo de información respecto a procesos y actividades, así como de posibles fuentes de error en las mediciones o captura de la data. También, de aplicar, un análisis del error acumulado que se pueda estar generando antes de alimentar el modelo o metodología propuesta con la data. | G33: - | H33: - | I33: 30 | J33: 0 | K33: =IFERROR(J33/I33,0) -> 0 | L33: =J33 -> 0 | M33: =IFERROR(L33/I33,0) -> 0
B34: 8 | C34: 8.1 | D34: Revisión bibliográfica de modelos / metodologías y sus aplicaciones existentes, así como refinación de objetivos si procede. | E34: Alejandra Arbelaez Londoño | F34: Senior | G34: Informe | H34: Digital | I34: 45 | J34: 8 | K34: =IFERROR(J34/I34,0) -> 0.17777778 | L34: =J34 -> 8 | M34: =IFERROR(L34/I34,0) -> 0.17777778
B35: 8 | C35: 8.2 | D35: Carga de datos, procesamiento de datos, Análisis Estadístico descriptivo considerando hipótesis desde la teoría, y análisis descriptivo considerando hipótesis generadas desde la misma data (pasos 1, 2 y 3 teoría CRISP-DM). | G35: - | H35: - | I35: 40 | J35: 0 | K35: =IFERROR(J35/I35,0) -> 0 | L35: =J35 -> 0 | M35: =IFERROR(L35/I35,0) -> 0
B36: 8 | C36: 8.3 | D36: Construcción de modelo matemático utilizando las técnicas pertinentes de Ciencia de Datos (e.g. Programación Matemática / Optimización / Investigación de Operaciones, Modelamiento Probabilístico, Machine Learning, etc.), con dominio de conocimiento petrotecnico. Si el modelo es supervisado y no paramétrico, se debe generar el sustento y razonamiento respectivo, arquitectura, calibración de parámetros adecuado, pruebas de validación, generalización, desempeño, etc. La fase de modelamiento debe incluir el razonamiento del modelo y como se relaciona con los modelos petrotecnicos convencionales o actuales, en que difiere y cuál es su innovación en términos de analítica de datos. Lo anterior | G36: Formulación matemática, razonamientos, seudocódigo, definiciones, supuestos, pruebas estadísticas, pruebas de generalización, etc. | H36: Digital | I36: 40 | J36: 7 | K36: =IFERROR(J36/I36,0) -> 0.175 | L36: =J36 -> 7 | M36: =IFERROR(L36/I36,0) -> 0.175
B37: 8 | C37: 8.4 | D37: Análisis de resultados y análisis Estadístico - descriptivo de los resultados obtenidos, así como de las pruebas implementadas. Ejemplificación de la interpretación de resultados y auto-critica de los mismos. Mapeo de conclusiones, recomendaciones y validación de los objetivos con enfoque de valor. Es clave generar nociones para que los resultados puedan ser bien utilizados y/o asociados con otras metodologías. Si procede, se debe validar los resultados con los expertos o dolientes respectivos. Etapa 5 de la metodología CRISP- DM. | G37: - | H37: - | I37: 40 | J37: 0 | K37: =IFERROR(J37/I37,0) -> 0 | L37: =J37 -> 0 | M37: =IFERROR(L37/I37,0) -> 0
B38: 8 | C38: 8.5 | D38: Programación del modelo matemático en las herramientas que se considere más adecuada, e.g. R, Python, SAS, C++, Java, Matlab, Visual, etc. Los scripts deben respetar los planteamientos y consideraciones contenidas en el informe, debe contener buenas prácticas de programación (e.g. comentarios, identación (anglicismo de “identation”), separación por métodos o funciones, etc. – el programa no necesariamente debe estar orientado a objetos y otros paradigmas, e.g. la programación funcional podría ser altamente recomendable). | G38: - | H38: - | I38: 40 | J38: 0 | K38: =IFERROR(J38/I38,0) -> 0 | L38: =J38 -> 0 | M38: =IFERROR(L38/I38,0) -> 0
B39: 8 | C39: 8.6 | D39: Diseño modelo de datos "satélite" para el modelo matemático o la metodología aplicada. Si es el caso, se debe implementar la base de datos, e.g. en SQL. Adicionalmente, si es el caso, revisión del flujo de información respecto a procesos y actividades, así como de posibles fuentes de error en las mediciones o captura de la data. También, de aplicar, un análisis del error acumulado que se pueda estar generando antes de alimentar el modelo o metodología propuesta con la data. | G39: - | H39: - | I39: 20 | J39: 0 | K39: =IFERROR(J39/I39,0) -> 0 | L39: =J39 -> 0 | M39: =IFERROR(L39/I39,0) -> 0
B40: 4 | C40: 4.3 | D40: Evaluación e interpretación de información de fluidos | E40: Camilo Andres Santana Otalora | F40: Básico | G40: Comparación de propiedades fluidos Loma Larga 10 vs muestras formación Honda | H40: C:\Users\Usuario Meridian\OneDrive - Ecopetrol S.A\Camilo Santana\Ecopetrol 2026 | I40: 75 | J40: 5 | K40: =IFERROR(J40/I40,0) -> 0.066666667 | L40: =J40 -> 5 | M40: =IFERROR(L40/I40,0) -> 0.066666667
B41: 4 | C41: 4.4 | D41: Realizar QAQC de Datos de PVT y generar Base de Datos | G41: Carga y revisión de reportes cargados a la base de datos ecoVisor PVT. | H41: https://bogeswvgeop.red.ecopetrol.com.co/PvtEcovisor/ | I41: 75 | J41: 5 | K41: =IFERROR(J41/I41,0) -> 0.066666667 | L41: =J41 -> 5 | M41: =IFERROR(L41/I41,0) -> 0.066666667
B42: 4 | C42: 4.8 | D42: Construcción de modelos PVT: Caracterización de … | G42: Actualización presentación modelo de fluidos Palogrande, enfoque muestras y tablas PVT fm Honda - arenas intermedias. | H42: C:\Users\Usuario Meridian\OneDrive - Ecopetrol S.A\Camilo Santana\Ecopetrol 2026 | I42: 75 | J42: 5 | K42: =IFERROR(J42/I42,0) -> 0.066666667 | L42: =J42 -> 5 | M42: =IFERROR(L42/I42,0) -> 0.066666667
B43: 4 | C43: 4.3 | D43: Evaluación e interpretación de información de fluidos | E43: Nicolas Avendaño Vasquez | F43: Básico | G43: Informe trimestral sobre Análisis de caracterización avanzada de crudos | H43: Digital | I43: 75 | J43: 5 | K43: =IFERROR(J43/I43,0) -> 0.066666667 | L43: =J43 -> 5 | M43: =IFERROR(L43/I43,0) -> 0.066666667
B44: 4 | C44: 4.4 | D44: Realizar QAQC de Datos de PVT y generar Base de Datos | G44: Reporte trimestral /ecoVisor PVT | H44: Digital | I44: 75 | J44: 5 | K44: =IFERROR(J44/I44,0) -> 0.066666667 | L44: =J44 -> 5 | M44: =IFERROR(L44/I44,0) -> 0.066666667
B45: 4 | C45: 4.8 | D45: Construcción de modelos PVT: Caracterización de … | G45: Informe de evaluación de modelos PVT disponibles o construcción de modelos de fluidos según tipo de fluido, tablas PVT para usar en cálculo de HIIP, simulación de yacimientos, ingeniería analítica de yacimientos y producción | H45: Digital | I45: 75 | J45: 5 | K45: =IFERROR(J45/I45,0) -> 0.066666667 | L45: =J45 -> 5 | M45: =IFERROR(L45/I45,0) -> 0.066666667
B46: 4 | C46: 4.3 | D46: Evaluación e interpretación de información de fluidos | E46: Juan David Aristizabal Marulanda | F46: Junior | G46: ETLWeb y EcoVisor PVT | H46: C:\Users\C102626W\Ecopetrol S.A\Juliana Giraldo Castro - JD\Ecopetrol 2026\Base de Datos | I46: 75 | J46: 5 | K46: =IFERROR(J46/I46,0) -> 0.066666667 | L46: =J46 -> 5 | M46: =IFERROR(L46/I46,0) -> 0.066666667
B47: 4 | C47: 4.4 | D47: Realizar QAQC de Datos de PVT y generar Base de Datos | G47: Solubilidad CO2 - Brine.xlsx | H47: C:\Users\C102626W\Ecopetrol S.A\Juliana Giraldo Castro - JD\Ecopetrol 2026\CCUS\Solubilidad | I47: 75 | J47: 5 | K47: =IFERROR(J47/I47,0) -> 0.066666667 | L47: =J47 -> 5 | M47: =IFERROR(L47/I47,0) -> 0.066666667
B48: 4 | C48: 4.8 | D48: Construcción de modelos PVT: Caracterización de … | G48: CO2 - Water_Brine - DM.xlsx | H48: C:\Users\C102626W\Ecopetrol S.A\Juliana Giraldo Castro - JD\Ecopetrol 2026\CPA y e-CPA\Solubilidad | I48: 75 | J48: 5 | K48: =IFERROR(J48/I48,0) -> 0.066666667 | L48: =J48 -> 5 | M48: =IFERROR(L48/I48,0) -> 0.066666667
B49: 3 | C49: 3.1 | D49: Crear un modelo de simulación dinámica cuando esté disponible el modelo estático: identificación, organización, revisión y análisis del modelo estático, fluido, roca, producción, terminación y datos de laboratorio que sean válidos y representativos del reservorio que se está investigando. Realice el QA/QC del modelo estático y defina la incertidumbre principal en los parámetros de comparación de modelo e parámetros de ajuste histórico, trabaje en estrecha colaboración con el geomodelador para el upscaling del modelo estático al modelo de simulación, ajustar el modelo con los datos de producción e inyección y realizar el ajuste histórico. Realizar previsión y construir plan de desarrollo de campo | E49: Yessica Del Carmen Mateus Tarazona | F49: Senior | G49: - | H49: - | I49: 90 | J49: 0 | K49: =IFERROR(J49/I49,0) -> 0 | L49: =J49 -> 0 | M49: =IFERROR(L49/I49,0) -> 0
B50: 3 | C50: 3.4 | D50: Construya un estudio de modelos conceptuales y modelos de laboratorio: para construir un modelo conceptual que investigue temas específicos. Por ejemplo: tiempos y perfiles de ruptura del trazador, meseta de relación WOR de depósitos de múltiples capas, para investigar la aplicación de nueva tecnología (basada en polímeros o basada en térmicas). Problemas de conformance, aplicabilidad del polímero en un campo específico, investigar el efecto del espaciamiento de pozos y los tipos de patrones (5 puntos, 5 puntos invertidos, 7 puntos, unidad de línea) en proyectos EOR químicos. Un estudio conceptual para desarrollar una metodología práctica para tecnologías nuevas y actuales basadas en datos de campo y de laboratorio (metodología para modelar polímeros de preferencia cruzada, nano- surfactante). Desarrollar una metodología para integrar y modelar pozos de múltiples segmentos y datos ILT. | G50: Se solicitaron y se aprobaron correctamente el acceso a los siguientes servicios: o Puesto Digital o Correo, Teams o VPN o CMG o Petrel o Tnavigator o Sahara o Ecosearch o Acceso a carpeta compartida \\10.100.25.60\sya\CCUS\GALAN Se realizó reunión de verificación de hallazgos y conclusiones del trabajo finalizado en diciembre del 2025 Se solicitó correr un caso de simulación actualizando los controles operativos más recientes y disponibles de los pozos Galn 80, 123, 124 y 133. Para el desarrollo de esta actividad, se realizaron reuniones con el equipo de la gerencia del activo, quienes suministraron los datos de BHP más recientes de los pozos. Se corrió simulación y se socializaron los resultados con el equipo de CCUS Se solicitó recopilar las reservas aprobadas para los pozos Galn-80, 123, 124 y 133. Para el desarrollo de esta actividad se solicitó dicha información al equipo de desarrollo del campo. Una vez compilados los datos, se socializaron con el equipo de CCUS Se solicitó correr el caso optimo definido por CMOST (Dic 2025) sin variar la tasa de inyección de gas, una vez se obtuvieron los resultados, estos fueron socializados en con el equipo CCUS Se solicitó realizar una corrida para evaluar el impacto en la producción acumulada de aceite al reducir la presurización del modelo. Se sigue trabajando en esta actividad. Actualmente se realiza construcción de estudio de análisis se incertidumbre en CMOST | H50: \\10.100.25.60\sya\CCUS\GALAN | I50: 90 | J50: 15 | K50: =IFERROR(J50/I50,0) -> 0.16666667 | L50: =J50 -> 15 | M50: =IFERROR(L50/I50,0) -> 0.16666667
B51: 3 | C51: 3.4 | D51: Construya un estudio de modelos conceptuales y modelos de laboratorio: para construir un modelo conceptual que investigue temas específicos. Por ejemplo: tiempos y perfiles de ruptura del trazador, meseta de relación WOR de depósitos de múltiples capas, para investigar la aplicación de nueva tecnología (basada en polímeros o basada en térmicas). Problemas de conformance, aplicabilidad del polímero en un campo específico, investigar el efecto del espaciamiento de pozos y los tipos de patrones (5 puntos, 5 puntos invertidos, 7 puntos, unidad de línea) en proyectos EOR químicos. Un estudio conceptual para desarrollar una metodología práctica para tecnologías nuevas y actuales basadas en datos de campo y de laboratorio (metodología para modelar polímeros de preferencia cruzada, nano- surfactante). Desarrollar una metodología para integrar y modelar pozos de múltiples segmentos y datos ILT. | E51: Camila Fernanda Medina Sandoval | F51: Senior | G51: Análisis y resultados del cumplimiento y ejecución del plan MMV en campo llanito unificado, para las fases: línea base, inyección y estabilización. Construcción de requerimientos técnicos que aseguren la integridad de los pozos de la iniciativa WAG en Galán. Construcción de requerimientos técnicos que aseguren las prefactibilidades necesarias para reducir incertidumbre antes de la ejecución del proyecto piloto WAG en el campo Galán. Creación de células de trabajo en equipos de teams para planeación de iniciativa WAG en el campo Galán. O15Seguimiento al plan MMV etapa post inyección. | H51: Digital: https://teams.microsoft.com/l/team/19%3AakWiW_SGgm6r5QqnD3Z_PIjrA1AA1PWwgqy8IpC8XVo1%40thread.tacv2/conversations?groupId=743f1aac-014a-449a-a25c-71c2563e6417&tenantId=a4305987-cf78-4f93-9d64-bf18af65397b | I51: 225 | J51: 15 | K51: =IFERROR(J51/I51,0) -> 0.066666667 | L51: =J51 -> 15 | M51: =IFERROR(L51/I51,0) -> 0.066666667
B52: 3 | C52: 3.1 | D52: Control de calidad del dato adquirido para valorar representatividad de la prueba en cuestión. De ser válidas, levantamiento de información de entrada para análisis e interpretación (registros de desviación, estado mecánico de cada pozo, caliper/bit size ("), espesor neto (pies TVD), porosidad media (phi), Sw, PVT, producciones asociadas, corte de agua, salinidades, mapa estructural, etc. | E52: Giovanni Martinez Leones | F52: Junior | G52: Inventario - Informe de Representatividad (Preliminar) | H52: Digital | I52: 23 | J52: 1 | K52: =IFERROR(J52/I52,0) -> 0.043478261 | L52: =J52 -> 1 | M52: =IFERROR(L52/I52,0) -> 0.043478261
B53: 3 | C53: 3.13 | D53: Generar base de datos de producción (OFM o la que se requiera) | G53: Base de Datos | H53: Digital | I53: 23 | J53: 1 | K53: =IFERROR(J53/I53,0) -> 0.043478261 | L53: =J53 -> 1 | M53: =IFERROR(L53/I53,0) -> 0.043478261
B54: 3 | C54: 3.17 | D54: Analizar data histórica de producción, productividad y daño por pozo | G54: Base de Datos - Informe de la Evaluación | H54: Digital | I54: 23 | J54: 1 | K54: =IFERROR(J54/I54,0) -> 0.043478261 | L54: =J54 -> 1 | M54: =IFERROR(L54/I54,0) -> 0.043478261
B55: 3 | C55: 3.18 | D55: Generar perfiles de Producción por pozos para pozos existente en escenarios Bajo, Medio y Alto | G55: Base de Datos - Informe de la Evaluación | H55: Digital | I55: 23 | J55: 2 | K55: =IFERROR(J55/I55,0) -> 0.086956522 | L55: =J55 -> 2 | M55: =IFERROR(L55/I55,0) -> 0.086956522
B56: 5 | C56: 5.1 | D56: Generar bases de datos de Eventos de | G56: Base de Datos | H56: Digital | I56: 23 | J56: 2 | K56: =IFERROR(J56/I56,0) -> 0.086956522 | L56: =J56 -> 2 | M56: =IFERROR(L56/I56,0) -> 0.086956522
B57: 5 | C57: 5.4 | D57: Generar modelo de Pozos | G57: Base de Datos - Informe de la Evaluación | H57: Digital | I57: 22 | J57: 1 | K57: =IFERROR(J57/I57,0) -> 0.045454545 | L57: =J57 -> 1 | M57: =IFERROR(L57/I57,0) -> 0.045454545
B58: 5 | C58: 5.5 | D58: Adelantar la evaluación e de productividad en los activos | G58: Base de Datos - Informe de la Evaluación | H58: Digital | I58: 22 | J58: 2 | K58: =IFERROR(J58/I58,0) -> 0.090909091 | L58: =J58 -> 2 | M58: =IFERROR(L58/I58,0) -> 0.090909091
B59: 5 | C59: 5.6 | D59: Generar los análisis asociados a | G59: Base de Datos - Informe de la Evaluación | H59: Digital | I59: 22 | J59: 2 | K59: =IFERROR(J59/I59,0) -> 0.090909091 | L59: =J59 -> 2 | M59: =IFERROR(L59/I59,0) -> 0.090909091
B60: 5 | C60: 5.9 | D60: Realizar el seguimiento de producción | G60: Base de Datos - Informe de la Evaluación | H60: Digital | I60: 22 | J60: 2 | K60: =IFERROR(J60/I60,0) -> 0.090909091 | L60: =J60 -> 2 | M60: =IFERROR(L60/I60,0) -> 0.090909091
B61: 8 | C61: 8.5 | D61: Programación del modelo matemático en las herramientas que se considere más adecuada, e.g. R, Python, SAS, C++, Java, Matlab, Visual, etc. Los scripts deben respetar los planteamientos y consideraciones contenidas en el informe, debe contener buenas prácticas de programación (e.g. comentarios, identación (anglicismo de “identation”), separación por métodos o funciones, etc. – el programa no necesariamente debe estar orientado a objetos y otros paradigmas, e.g. la programación funcional podría ser altamente recomendable). | G61: Código. | H61: Digital | I61: 22 | J61: 1 | K61: =IFERROR(J61/I61,0) -> 0.045454545 | L61: =J61 -> 1 | M61: =IFERROR(L61/I61,0) -> 0.045454545
I62: TOTAL ACUMULADO
I63: =+SUM(I13:I61) -> 2205 | J63: =+SUM(J13:J61) -> 150 | K63: =IFERROR(J63/I63,0) -> 0.068027211 | L63: =+SUM(L13:L61) -> 150 | M63: =IFERROR(L63/I63,0) -> 0.068027211
B66: Observaciones: | D66: 4.3 4.4 4.8 Junior (JDAM): * Se gestionaron y aprobaron de manera satisfactoria los accesos a los diferentes servicios, plataformas y herramientas tecnológicas necesarias para el desarrollo de las actividades operativas y técnicas. Entre los accesos habilitados se incluyen Puesto Digital, los servicios de comunicación institucional (Correo electrónico y Microsoft Teams), la conexión remota segura mediante VPN, así como las aplicaciones especializadas CMG, Petrel, TNavigator, Sahara y Ecosearch, garantizando así la disponibilidad de los recursos tecnológicos requeridos para el correcto desempeño de las funciones asignadas. * Se realiza la revisión de la base de datos ecoVisor PVT, incluyendo la carga de la información faltante previamente asignada y correspondiente al periodo 2025, así como la ejecución de pruebas de escritorio orientadas a la validación y aseguramiento de la calidad de los datos almacenados. Estas actividades permiten verificar la correcta funcionalidad, consistencia e integridad de la información, así como la identificación de posibles incidencias tanto en la herramienta de visualización (ecoVisor PVT) como en el módulo de carga de datos (PVT – Reportes de Laboratorio). * Comparación Modelos de Solubilidad en Salmuera e Información Experimental CoreLab e UNAL Sede Medellín para Galán. Un estudio de Solubilidad utilizando agua destilada, salmuera tipo Galán (50000 ppm) y CO2 fue diseñado y realizado por CoreLab y la UNAL en un amplio rango de presiones y temperatura de yacimiento (140ºF). Una vez la información experimental fue enviada por los laboratorios externos, se procedió a compararla con los diferentes modelos de Solubilidad con los que cuenta la compañía dentro de su Software corporativo ecoPVT+. * Cálculo Solubilidad de CO2 en un acuífero perteneciente al Valle Medio del Magdalena utilizando las energías calculadas por Dinámica Molecular y la ecuación de estado avanzada e-CPA. Se utilizaron las energías de asociación encontradas por dinámica molecular y los volúmenes de asociación reportados en literatura para un sistema CO2-Salmuera (50.000 ppm de NaCl) a 5 presiones diferentes (945, 1945, 3008, 4020, 4990 psia) y temperatura de 140ºF.
D67: 4.3 4.4 4.8 Básico (NA): Se interpreta información de pruebas de producción del pozo Loro-16ST formación Villeta N. Se realizan prueba de escritorio de información PVT cargada en el año 2025. Se actualizan las tablas de información PVT que se comparten anualmente con la ANH. Se calculan datos de densidad y viscosidad para el sistema de fluidos del campo Pachaquiaro a 200°F y 215°F entregados al equipo PVT VEX. Se genera un set de tablas PVT que representa el comportamiento volumétrico del sistema de fluidos del campo Loro formación Villeta N. Se construye una presentación del modelo de fluidos del campo Capachos-Andina.
D68: 4.3 4.4 4.8 Básico (CS): 4.3. Se trabaja en el análisis del comportamiento der las diferentes muestras analizadas en el ICPET de Loma Larga-10, se realiza sesión con el laboratorio para entender los comportamientos anómalos que se evidenciaron en los resultados experimentales y que son indicativo de que cada una de las zonas muestreadas tienen fluidos diferentes. Se trabaja en integrar información de cromatografías de campos cercanos de formación Honda para un análisis más completo con campo. 4.4. Retomando actividades del año 2025, se realiza la revisión de reportes cargados a la base de datos para aquellos que presentaban algún error en las herramientas de almacenamiento del reporte original, corrección de errores de carga. 4.8. Para dar soporte para pruebas de desplazamiento en núcleos tomados en el pozo Palogrande-64, se trabaja en una actualización de la presentación del modelo de fluidos del campo Palogrande, haciendo énfasis en las muestras tomadas en las arenas intermedias de la formación Honda y las tablas PVT generadas en 2025. Vo.Bo. Recibido vía correo electrónico 30/01/2026.
D69: 8.1 8.2 8.3 8.4 8.5 8.6 Junior (OJ): * Configuración de equipo e instalación de dependencias de la Solución Digital de Planes de Desarrollo. * Corrección de errores que se presentaron duranta la instalación de dependencias del item 1. * Elaboración de documento instructivo para la configuración y corrección de errores al instalar la Solución Digital de Planes de Desarrollo * Actualización parcial de la clase checkpoint_panel.py para la integración de escenarios de desarrollo generados con el modelo proxy económico * Recopilar de la Solución Digital de Planes de desarrollo la información paramétrica del plan de desarrollo del activo casabe del año 2024 * Cargue y ejecución del modelo correspondiente al Plan de Desarrollo del año 2024 del activo Casabe en la versión actual de la Solución Digital de Planes de Desarrollo
B70: ¿Se presentó algún aspecto o situación que afecte la ejecución y calidad de los entregables? (Marque con una X)
B72: PROFESIONAL
B73: SI | D73: Describa en este espacio su observación
B74: NO
B75: ¿Se presentó algún aspecto o situación que afecte la ejecución y calidad de los entregables? (Marque con una X)
B77: INTERVENTOR O LIDER
B78: SI | D78: Describa en este espacio su observación
B79: NO
B83: Revisa: | J83: Jose Mario Martínez Londoño
A110: MES
A111: ENERO
A112: FEBRERO
A113: MARZO
A114: ABRIL
A115: MAYO
A116: JUNIO
A117: JULIO
A118: AGOSTO
A119: SEPTIEMBRE
A120: OCTUBRE
A121: NOVIEMBRE
A122: DICIEMBRE

Sheet FEBRERO
R1: MES
B2: REPORTE DE AVANCE | R2: ENERO
B3: Fecha: 29/06/2022 | G3: Version: 01 | K3: GP-F-23
R4: FEBRERO
B5: Código Orden de servicio | D5: 90598918 | R5: MARZO
R6: JUNIO
B7: Mes a reportar | D7: FEBRERO | R7: JULIO
R8: AGOSTO
B9: Fecha reporte | D9: 46081 | R9: SEPTIEMBRE
R10: OCTUBRE
B11: Clasificación del servicio | J11: Reporte mes por servicio | L11: Reporte acumulado por servicio | R11: NOVIEMBRE
B12: Ítem general | C12: ítem actividad | D12: Descripción de la actividad | E12: Profesional a cargo | F12: Nivel contratado | G12: Soporte | H12: Medio de entrega | I12: Días contratados Acta de Inicio | J12: Días | K12: % avance | L12: Días | M12: % avance | R12: DICIEMBRE
B13: 1 | C13: 1.1 | D13: Generar Modelo Estático del yacimiento integrando la información disponible. | E13: Jesus David Arenas Navarro | F13: Junior | G13: Modelo Estático - Informe de Modelo - Cálculo de Volúmenes in Place | H13: Digital | I13: 25 | J13: 6 | K13: =IFERROR(J13/I13,0) -> 0.24 | L13: =+'ENERO 2026'!L13+J13 -> 9 | M13: =IFERROR(L13/I13,0) -> 0.36
B14: 1 | C14: 1.15 | D14: Carga de información para poblar el modelo geocelular (direccionales, coordenadas, surveys, topes, data de presión, estados mecánicos, evento de pozos, etc.) | G14: Modelo poblado | H14: Digital | I14: 25 | J14: 6 | K14: =IFERROR(J14/I14,0) -> 0.24 | L14: =+'ENERO 2026'!L14+J14 -> 9 | M14: =IFERROR(L14/I14,0) -> 0.36
B15: 1 | C15: 1.16 | D15: Georeferenciación de Mapas, pozos, Imágenes satélite, etc. y Definición de CRS (Cordinates Reference System) | G15: Información georeferenciada | H15: Digital | I15: 25 | J15: 6 | K15: =IFERROR(J15/I15,0) -> 0.24 | L15: =+'ENERO 2026'!L15+J15 -> 9 | M15: =IFERROR(L15/I15,0) -> 0.36
B16: 1 | C16: 1.17 | D16: Calculo probabilístico de Volúmenes In situ. | G16: Calculo Volumétrico - Bases de Datos | H16: Digital | I16: 25 | J16: 6 | K16: =IFERROR(J16/I16,0) -> 0.24 | L16: =+'ENERO 2026'!L16+J16 -> 9 | M16: =IFERROR(L16/I16,0) -> 0.36
B17: 1 | C17: 1.24 | D17: Caracterización composicional de fluidos de hidrocarburos mediante técnicas geoquímicas. | G17: - | H17: - | I17: 25 | J17: 0 | K17: =IFERROR(J17/I17,0) -> 0 | L17: =+'ENERO 2026'!L17+J17 -> 0 | M17: =IFERROR(L17/I17,0) -> 0
B18: 1 | C18: 1.25 | D18: Análisis geoquímicos de Fingerprinting | G18: - | H18: - | I18: 25 | J18: 0 | K18: =IFERROR(J18/I18,0) -> 0 | L18: =+'ENERO 2026'!L18+J18 -> 0 | M18: =IFERROR(L18/I18,0) -> 0
B19: 1 | C19: 1.26 | D19: Análisis e interpretación de imágenes de satélite | G19: - | H19: - | I19: 25 | J19: 0 | K19: =IFERROR(J19/I19,0) -> 0 | L19: =+'ENERO 2026'!L19+J19 -> 0 | M19: =IFERROR(L19/I19,0) -> 0
B20: 2 | C20: 2.5 | D20: Realizar caracterización Scal (interpretación) | G20: Informe | H20: Digital | I20: 25 | J20: 6 | K20: =IFERROR(J20/I20,0) -> 0.24 | L20: =+'ENERO 2026'!L20+J20 -> 9 | M20: =IFERROR(L20/I20,0) -> 0.36
B21: 2 | C21: 2.11 | D21: Generación de Modelos de Física de Rocas | G21: - | H21: - | I21: 25 | J21: 0 | K21: =IFERROR(J21/I21,0) -> 0 | L21: =+'ENERO 2026'!L21+J21 -> 0 | M21: =IFERROR(L21/I21,0) -> 0
B22: 8 | C22: 8.1 | D22: Revisión bibliográfica de modelos / metodologías y sus aplicaciones existentes, así como refinación de objetivos si procede. | E22: Jorge Felipe Alarcon Torres | F22: Junior | G22: Informe | H22: Digital | I22: 37 | J22: 5 | K22: =IFERROR(J22/I22,0) -> 0.13513514 | L22: =+'ENERO 2026'!L22+J22 -> 7 | M22: =IFERROR(L22/I22,0) -> 0.18918919
B23: 8 | C23: 8.2 | D23: Carga de datos, procesamiento de datos, Análisis Estadístico descriptivo considerando hipótesis desde la teoría, y análisis descriptivo considerando hipótesis generadas desde la misma data (pasos 1, 2 y 3 teoría CRISP-DM). | G23: Informe, con estadísticas descriptivas, histogramas, pruebas de ajuste, etc. | H23: Digital | I23: 37 | J23: 5 | K23: =IFERROR(J23/I23,0) -> 0.13513514 | L23: =+'ENERO 2026'!L23+J23 -> 8 | M23: =IFERROR(L23/I23,0) -> 0.21621622
B24: 8 | C24: 8.3 | D24: Construcción de modelo matemático utilizando las técnicas pertinentes de Ciencia de Datos (e.g. Programación Matemática / Optimización / Investigación de Operaciones, Modelamiento Probabilístico, Machine Learning, etc.), con dominio de conocimiento petrotecnico. Si el modelo es supervisado y no paramétrico, se debe generar el sustento y razonamiento respectivo, arquitectura, calibración de parámetros adecuado, pruebas de validación, generalización, desempeño, etc. La fase de modelamiento debe incluir el razonamiento del modelo y como se relaciona con los modelos petrotecnicos convencionales o actuales, en que difiere y cuál es su innovación en términos de analítica de datos. Lo anterior | G24: Formulación matemática, razonamientos, seudocódigo, definiciones, supuestos, pruebas estadísticas, pruebas de generalización, etc. | H24: Digital | I24: 37 | J24: 5 | K24: =IFERROR(J24/I24,0) -> 0.13513514 | L24: =+'ENERO 2026'!L24+J24 -> 7 | M24: =IFERROR(L24/I24,0) -> 0.18918919
B25: 8 | C25: 8.4 | D25: Análisis de resultados y análisis Estadístico - descriptivo de los resultados obtenidos, así como de las pruebas implementadas. Ejemplificación de la interpretación de resultados y auto-critica de los mismos. Mapeo de conclusiones, recomendaciones y validación de los objetivos con enfoque de valor. Es clave generar nociones para que los resultados puedan ser bien utilizados y/o asociados con otras metodologías. Si procede, se debe validar los resultados con los expertos o dolientes respectivos. Etapa 5 de la metodología CRISP- DM. | G25: Informe y/o presentación | H25: Digital | I25: 38 | J25: 5 | K25: =IFERROR(J25/I25,0) -> 0.13157895 | L25: =+'ENERO 2026'!L25+J25 -> 7 | M25: =IFERROR(L25/I25,0) -> 0.18421053
B26: 8 | C26: 8.5 | D26: Programación del modelo matemático en las herramientas que se considere más adecuada, e.g. R, Python, SAS, C++, Java, Matlab, Visual, etc. Los scripts deben respetar los planteamientos y consideraciones contenidas en el informe, debe contener buenas prácticas de programación (e.g. comentarios, identación (anglicismo de “identation”), separación por métodos o funciones, etc. – el programa no necesariamente debe estar orientado a objetos y otros paradigmas, e.g. la programación funcional podría ser altamente recomendable). | G26: Código. | H26: Digital | I26: 38 | J26: 5 | K26: =IFERROR(J26/I26,0) -> 0.13157895 | L26: =+'ENERO 2026'!L26+J26 -> 8 | M26: =IFERROR(L26/I26,0) -> 0.21052632
B27: 8 | C27: 8.6 | D27: Diseño modelo de datos "satélite" para el modelo matemático o la metodología aplicada. Si es el caso, se debe implementar la base de datos, e.g. en SQL. Adicionalmente, si es el caso, revisión del flujo de información respecto a procesos y actividades, así como de posibles fuentes de error en las mediciones o captura de la data. También, de aplicar, un análisis del error acumulado que se pueda estar generando antes de alimentar el modelo o metodología propuesta con la data. | G27: Documentación del modelo de datos (E.g. diagrama relacional), definiciones, diccionarios, relaciones. | H27: Digital | I27: 38 | J27: 5 | K27: =IFERROR(J27/I27,0) -> 0.13157895 | L27: =+'ENERO 2026'!L27+J27 -> 8 | M27: =IFERROR(L27/I27,0) -> 0.21052632
B28: 8 | C28: 8.1 | D28: Revisión bibliográfica de modelos / metodologías y sus aplicaciones existentes, así como refinación de objetivos si procede. | E28: Oscar Ivan Jimenez Barandica | F28: Junior | G28: - | H28: - | I28: 30 | J28: 0 | K28: =IFERROR(J28/I28,0) -> 0 | L28: =+'ENERO 2026'!L28+J28 -> 5 | M28: =IFERROR(L28/I28,0) -> 0.16666667
B29: 8 | C29: 8.2 | D29: Carga de datos, procesamiento de datos, Análisis Estadístico descriptivo considerando hipótesis desde la teoría, y análisis descriptivo considerando hipótesis generadas desde la misma data (pasos 1, 2 y 3 teoría CRISP-DM). | G29: https://ecopetrol.sharepoint.com/:u:/r/sites/vde/get/Analtica/0.%20SDPID/1_SDPID/12_Entregables/Oscar%20Ivan%20Jimenez%20Barandica/Meridian/2_Febrero/Llanito_Unificado.zip?csf=1&web=1&e=brV0rX | H29: Digital | I29: 30 | J29: 10 | K29: =IFERROR(J29/I29,0) -> 0.33333333 | L29: =+'ENERO 2026'!L29+J29 -> 15 | M29: =IFERROR(L29/I29,0) -> 0.5
B30: 8 | C30: 8.3 | D30: Construcción de modelo matemático utilizando las técnicas pertinentes de Ciencia de Datos (e.g. Programación Matemática / Optimización / Investigación de Operaciones, Modelamiento Probabilístico, Machine Learning, etc.), con dominio de conocimiento petrotecnico. Si el modelo es supervisado y no paramétrico, se debe generar el sustento y razonamiento respectivo, arquitectura, calibración de parámetros adecuado, pruebas de validación, generalización, desempeño, etc. La fase de modelamiento debe incluir el razonamiento del modelo y como se relaciona con los modelos petrotecnicos convencionales o actuales, en que difiere y cuál es su innovación en términos de analítica de datos. Lo anterior | G30: - | H30: - | I30: 60 | J30: 0 | K30: =IFERROR(J30/I30,0) -> 0 | L30: =+'ENERO 2026'!L30+J30 -> 5 | M30: =IFERROR(L30/I30,0) -> 0.083333333
B31: 8 | C31: 8.4 | D31: Análisis de resultados y análisis Estadístico - descriptivo de los resultados obtenidos, así como de las pruebas implementadas. Ejemplificación de la interpretación de resultados y auto-critica de los mismos. Mapeo de conclusiones, recomendaciones y validación de los objetivos con enfoque de valor. Es clave generar nociones para que los resultados puedan ser bien utilizados y/o asociados con otras metodologías. Si procede, se debe validar los resultados con los expertos o dolientes respectivos. Etapa 5 de la metodología CRISP- DM. | G31: https://ecopetrol.sharepoint.com/:x:/r/sites/vde/get/Analtica/0.%20SDPID/1_SDPID/12_Entregables/Oscar%20Ivan%20Jimenez%20Barandica/Meridian/2_Febrero/Comparacion%20prob.xlsx?d=wb276fba403c14550a923922320d0993f&csf=1&web=1&e=l8h5MC | H31: Digital | I31: 30 | J31: 10 | K31: =IFERROR(J31/I31,0) -> 0.33333333 | L31: =+'ENERO 2026'!L31+J31 -> 10 | M31: =IFERROR(L31/I31,0) -> 0.33333333
B32: 8 | C32: 8.5 | D32: Programación del modelo matemático en las herramientas que se considere más adecuada, e.g. R, Python, SAS, C++, Java, Matlab, Visual, etc. Los scripts deben respetar los planteamientos y consideraciones contenidas en el informe, debe contener buenas prácticas de programación (e.g. comentarios, identación (anglicismo de “identation”), separación por métodos o funciones, etc. – el programa no necesariamente debe estar orientado a objetos y otros paradigmas, e.g. la programación funcional podría ser altamente recomendable). | G32: https://ecopetrol.sharepoint.com/:u:/r/sites/vde/get/Analtica/0.%20SDPID/1_SDPID/12_Entregables/Oscar%20Ivan%20Jimenez%20Barandica/Meridian/2_Febrero/Llanito_proxy.ipynb?csf=1&web=1&e=Tgq9B4 | H32: Digital | I32: 45 | J32: 10 | K32: =IFERROR(J32/I32,0) -> 0.22222222 | L32: =+'ENERO 2026'!L32+J32 -> 10 | M32: =IFERROR(L32/I32,0) -> 0.22222222
B33: 8 | C33: 8.6 | D33: Diseño modelo de datos "satélite" para el modelo matemático o la metodología aplicada. Si es el caso, se debe implementar la base de datos, e.g. en SQL. Adicionalmente, si es el caso, revisión del flujo de información respecto a procesos y actividades, así como de posibles fuentes de error en las mediciones o captura de la data. También, de aplicar, un análisis del error acumulado que se pueda estar generando antes de alimentar el modelo o metodología propuesta con la data. | G33: - | H33: - | I33: 30 | J33: 0 | K33: =IFERROR(J33/I33,0) -> 0 | L33: =+'ENERO 2026'!L33+J33 -> 0 | M33: =IFERROR(L33/I33,0) -> 0
B34: 8 | C34: 8.1 | D34: Revisión bibliográfica de modelos / metodologías y sus aplicaciones existentes, así como refinación de objetivos si procede. | E34: Alejandra Arbelaez Londoño | F34: Senior | G34: Informe | H34: Digital | I34: 45 | J34: 8 | K34: =IFERROR(J34/I34,0) -> 0.17777778 | L34: =+'ENERO 2026'!L34+J34 -> 16 | M34: =IFERROR(L34/I34,0) -> 0.35555556
B35: 8 | C35: 8.2 | D35: Carga de datos, procesamiento de datos, Análisis Estadístico descriptivo considerando hipótesis desde la teoría, y análisis descriptivo considerando hipótesis generadas desde la misma data (pasos 1, 2 y 3 teoría CRISP-DM). | G35: - | H35: - | I35: 40 | J35: 0 | K35: =IFERROR(J35/I35,0) -> 0 | L35: =+'ENERO 2026'!L35+J35 -> 0 | M35: =IFERROR(L35/I35,0) -> 0
B36: 8 | C36: 8.3 | D36: Construcción de modelo matemático utilizando las técnicas pertinentes de Ciencia de Datos (e.g. Programación Matemática / Optimización / Investigación de Operaciones, Modelamiento Probabilístico, Machine Learning, etc.), con dominio de conocimiento petrotecnico. Si el modelo es supervisado y no paramétrico, se debe generar el sustento y razonamiento respectivo, arquitectura, calibración de parámetros adecuado, pruebas de validación, generalización, desempeño, etc. La fase de modelamiento debe incluir el razonamiento del modelo y como se relaciona con los modelos petrotecnicos convencionales o actuales, en que difiere y cuál es su innovación en términos de analítica de datos. | G36: Formulación matemática, razonamientos, seudocódigo, definiciones, supuestos, pruebas estadísticas, pruebas de generalización, etc. | H36: Digital | I36: 40 | J36: 8 | K36: =IFERROR(J36/I36,0) -> 0.2 | L36: =+'ENERO 2026'!L36+J36 -> 15 | M36: =IFERROR(L36/I36,0) -> 0.375
B37: 8 | C37: 8.4 | D37: Análisis de resultados y análisis Estadístico - descriptivo de los resultados obtenidos, así como de las pruebas implementadas. Ejemplificación de la interpretación de resultados y auto-critica de los mismos. Mapeo de conclusiones, recomendaciones y validación de los objetivos con enfoque de valor. Es clave generar nociones para que los resultados puedan ser bien utilizados y/o asociados con otras metodologías. Si procede, se debe validar los resultados con los expertos o dolientes respectivos. Etapa 5 de la metodología CRISP- DM. | G37: - | H37: - | I37: 40 | J37: 0 | K37: =IFERROR(J37/I37,0) -> 0 | L37: =+'ENERO 2026'!L37+J37 -> 0 | M37: =IFERROR(L37/I37,0) -> 0
B38: 8 | C38: 8.5 | D38: Programación del modelo matemático en las herramientas que se considere más adecuada, e.g. R, Python, SAS, C++, Java, Matlab, Visual, etc. Los scripts deben respetar los planteamientos y consideraciones contenidas en el informe, debe contener buenas prácticas de programación (e.g. comentarios, identación (anglicismo de “identation”), separación por métodos o funciones, etc. – el programa no necesariamente debe estar orientado a objetos y otros paradigmas, e.g. la programación funcional podría ser altamente recomendable). | G38: Código. | H38: Digital | I38: 40 | J38: 6 | K38: =IFERROR(J38/I38,0) -> 0.15 | L38: =+'ENERO 2026'!L38+J38 -> 6 | M38: =IFERROR(L38/I38,0) -> 0.15
B39: 8 | C39: 8.6 | D39: Diseño modelo de datos "satélite" para el modelo matemático o la metodología aplicada. Si es el caso, se debe implementar la base de datos, e.g. en SQL. Adicionalmente, si es el caso, revisión del flujo de información respecto a procesos y actividades, así como de posibles fuentes de error en las mediciones o captura de la data. También, de aplicar, un análisis del error acumulado que se pueda estar generando antes de alimentar el modelo o metodología propuesta con la data. | G39: Documentación del modelo de datos (E.g. diagrama relacional), definiciones, diccionarios, relaciones. | H39: Digital | I39: 20 | J39: 8 | K39: =IFERROR(J39/I39,0) -> 0.4 | L39: =+'ENERO 2026'!L39+J39 -> 8 | M39: =IFERROR(L39/I39,0) -> 0.4
B40: 4 | C40: 4.3 | D40: Evaluación e interpretación de información de fluidos | E40: Camilo Andres Santana Otalora | F40: Básico | G40: Comparación de propiedades fluidos Loma Larga 10 vs muestras formación Honda | H40: C:\Users\Usuario Meridian\OneDrive - Ecopetrol S.A\Camilo Santana\Ecopetrol 2026 | I40: 75 | J40: 10 | K40: =IFERROR(J40/I40,0) -> 0.13333333 | L40: =+'ENERO 2026'!L40+J40 -> 15 | M40: =IFERROR(L40/I40,0) -> 0.2
B41: 4 | C41: 4.4 | D41: Realizar QAQC de Datos de PVT y generar Base de Datos | G41: Carga y revisión de reportes cargados a la base de datos ecoVisor PVT. | H41: https://bogeswvgeop.red.ecopetrol.com.co/PvtEcovisor/ | I41: 75 | J41: 10 | K41: =IFERROR(J41/I41,0) -> 0.13333333 | L41: =+'ENERO 2026'!L41+J41 -> 15 | M41: =IFERROR(L41/I41,0) -> 0.2
B42: 4 | C42: 4.8 | D42: Construcción de modelos PVT: Caracterización de la fracción Cn+ a través de datos TBP, modelamiento Aceite Negro, Aceite Negro Extendido, Ecuaciones de Estado, modelos de variación de propiedades PVT /Composición con profundidad, modelos de crudo pesado y extra-pesado, modelos de precipitación de asfaltenos, parafinas, hidratos y emulsiones. Manejo de formatos para exportar modelos PVT con fines de cálculo de HIIP, simulación de yacimientos (aceite negro, composicional, crudo pesado y extra-pesado), ingeniería analítica de yacimientos y producción. | G42: Actualización presentación modelo de fluidos Palogrande, enfoque muestras y tablas PVT fm Honda - arenas intermedias. | H42: C:\Users\Usuario Meridian\OneDrive - Ecopetrol S.A\Camilo Santana\Ecopetrol 2026 | I42: 75 | J42: 10 | K42: =IFERROR(J42/I42,0) -> 0.13333333 | L42: =+'ENERO 2026'!L42+J42 -> 15 | M42: =IFERROR(L42/I42,0) -> 0.2
B43: 4 | C43: 4.3 | D43: Evaluación e interpretación de información de fluidos | E43: Nicolas Avendaño Vasquez | F43: Básico | G43: Informe trimestral sobre Análisis de caracterización avanzada de crudos | H43: Digital | I43: 75 | J43: 10 | K43: =IFERROR(J43/I43,0) -> 0.13333333 | L43: =+'ENERO 2026'!L43+J43 -> 15 | M43: =IFERROR(L43/I43,0) -> 0.2
B44: 4 | C44: 4.4 | D44: Realizar QAQC de Datos de PVT y generar Base de Datos | G44: Reporte trimestral /ecoVisor PVT | H44: Digital | I44: 75 | J44: 10 | K44: =IFERROR(J44/I44,0) -> 0.13333333 | L44: =+'ENERO 2026'!L44+J44 -> 15 | M44: =IFERROR(L44/I44,0) -> 0.2
B45: 4 | C45: 4.8 | D45: Construcción de modelos PVT: Caracterización de la fracción Cn+ a través de datos TBP, modelamiento Aceite Negro, Aceite Negro Extendido, Ecuaciones de Estado, modelos de variación de propiedades PVT /Composición con profundidad, modelos de crudo pesado y extra-pesado, modelos de precipitación de asfaltenos, parafinas, hidratos y emulsiones. Manejo de formatos para exportar modelos PVT con fines de cálculo de HIIP, simulación de yacimientos (aceite negro, composicional, crudo pesado y extra-pesado), ingeniería analítica de yacimientos y producción. | G45: Informe de evaluación de modelos PVT disponibles o construcción de modelos de fluidos según tipo de fluido, tablas PVT para usar en cálculo de HIIP, simulación de yacimientos, ingeniería analítica de yacimientos y producción | H45: Digital | I45: 75 | J45: 10 | K45: =IFERROR(J45/I45,0) -> 0.13333333 | L45: =+'ENERO 2026'!L45+J45 -> 15 | M45: =IFERROR(L45/I45,0) -> 0.2
B46: 4 | C46: 4.3 | D46: Evaluación e interpretación de información de fluidos | E46: Juan David Aristizabal Marulanda | F46: Junior | G46: ETLWeb y EcoVisor PVT C:\Users\C102626W\Ecopetrol S.A\Juliana Giraldo Castro - JD\Ecopetrol 2026\Base de Datos | H46: Posibles Actividades - Geomática.xlsx | I46: 75 | J46: 10 | K46: =IFERROR(J46/I46,0) -> 0.13333333 | L46: =+'ENERO 2026'!L46+J46 -> 15 | M46: =IFERROR(L46/I46,0) -> 0.2
B47: 4 | C47: 4.4 | D47: Realizar QAQC de Datos de PVT y generar Base de Datos | G47: C:\Users\C102626W\Ecopetrol S.A\Juliana Giraldo Castro - 5. Rubiales\2026\Modelamiento\ASSAY III QAQC C:\Users\C102626W\Ecopetrol S.A\Juliana Giraldo Castro - 5. Rubiales\2026\Modelamiento\Análisis info QF-RB-CASE C:\Users\C102626W\Ecopetrol S.A\Juliana Giraldo Castro - 5. Rubiales\2026\Modelamiento\WinProp\Crudo Muerto | H47: EoS.xlsx Analisis_Caño_Sur.xlsx Eos Assay III RB-1319 - Castellanos.dat Eos Assay III RB-1319 - Mod KF Satyro.dat Eos Assay III RB-1572H - Castellanos.dat Eos Assay III RB-1572H - Mod KF Satyro.dat Eos Assay III RB-1572H - Soreide.dat | I47: 75 | J47: 10 | K47: =IFERROR(J47/I47,0) -> 0.13333333 | L47: =+'ENERO 2026'!L47+J47 -> 15 | M47: =IFERROR(L47/I47,0) -> 0.2
B48: 4 | C48: 4.8 | D48: Construcción de modelos PVT: Caracterización de la fracción Cn+ a través de datos TBP, modelamiento Aceite Negro, Aceite Negro Extendido, Ecuaciones de Estado, modelos de variación de propiedades PVT /Composición con profundidad, modelos de crudo pesado y extra-pesado, modelos de precipitación de asfaltenos, parafinas, hidratos y emulsiones. Manejo de formatos para exportar modelos PVT con fines de cálculo de HIIP, simulación de yacimientos (aceite negro, composicional, crudo pesado y extra-pesado), ingeniería analítica de yacimientos y producción. | G48: C:\Users\C102626W\Ecopetrol S.A\Juliana Giraldo Castro - 5. Rubiales\2026\Modelamiento | H48: Análisis Método Castellanos.xlsx | I48: 75 | J48: 10 | K48: =IFERROR(J48/I48,0) -> 0.13333333 | L48: =+'ENERO 2026'!L48+J48 -> 15 | M48: =IFERROR(L48/I48,0) -> 0.2
B49: 3 | C49: 3.1 | D49: Crear un modelo de simulación dinámica cuando esté disponible el modelo estático: identificación, organización, revisión y análisis del modelo estático, fluido, roca, producción, terminación y datos de laboratorio que sean válidos y representativos del reservorio que se está investigando. Realice el QA/QC del modelo estático y defina la incertidumbre principal en los parámetros de comparación de modelo e parámetros de ajuste histórico, trabaje en estrecha colaboración con el geomodelador para el upscaling del modelo estático al modelo de simulación, ajustar el modelo con los datos de producción e inyección y realizar el ajuste histórico. Realizar previsión y construir plan de desarrollo de campo | E49: Yessica Del Carmen Mateus Tarazona | F49: Senior | G49: Se generaron el perfil incremental del piloto WAG del campo Galán, usando el formato ARPS enviado por el equipo de CCUS Se creó documento donde se consigna las premisas de los perfiles del piloto WAG, incluyendo diferencias respecto al modelo del primer semestre del 2025 Se generó y envió por correo el perfil del piloto WAG iniciando en enero del 2029 y finalizando en enero del 2049 Por requerimiento del equipo de CCUS y de desarrollo del campo, se corrieron y se socializaron los siguientes escenarios de simulación: Corrida WAG usando los mismos controles operativos de los pozos productores del caso base o NFA Corrida evaluando un escenario WAG donde los dos pozos inyectan agua y gas al mismo tiempo Corrida del piloto WAG usando una tasa de inyección de 1.1MMPCD de CO2 Corrida del piloto WAG usando una tasa de inyección de 0.6MMPCD de CO2 Corrida incluyendo reducción del SOR Para el desarrollo de esta actividad se revisaron y socializaron los resultados de pruebas de laboratorio llevadas a cabo en febrero del 2024 y en diciembre del 2025 | H49: Digital | I49: 90 | J49: 15 | K49: =IFERROR(J49/I49,0) -> 0.16666667 | L49: =+'ENERO 2026'!L49+J49 -> 15 | M49: =IFERROR(L49/I49,0) -> 0.16666667
B50: 3 | C50: 3.4 | D50: Construya un estudio de modelos conceptuales y modelos de laboratorio: para construir un modelo conceptual que investigue temas específicos. Por ejemplo: tiempos y perfiles de ruptura del trazador, meseta de relación WOR de depósitos de múltiples capas, para investigar la aplicación de nueva tecnología (basada en polímeros o basada en térmicas). Problemas de conformance, aplicabilidad del polímero en un campo específico, investigar el efecto del espaciamiento de pozos y los tipos de patrones (5 puntos, 5 puntos invertidos, 7 puntos, unidad de línea) en proyectos EOR químicos. Un estudio conceptual para desarrollar una metodología práctica para tecnologías nuevas y actuales basadas en datos de campo y de laboratorio (metodología para modelar polímeros de preferencia cruzada, nano- surfactante). Desarrollar una metodología para integrar y modelar pozos de múltiples segmentos y datos ILT. | G50: Actualmente se está trabajando en paralelo los siguientes casos Optimización (usando CMOST) de intervalo cañoneado en los pozos inyectores Reciclo del CO2 en pozos Galn 75 y Galn 77 Expansión del Piloto WAG a los pozos se la zona central | H50: Digital | I50: 90 | J50: 15 | K50: =IFERROR(J50/I50,0) -> 0.16666667 | L50: =+'ENERO 2026'!L50+J50 -> 30 | M50: =IFERROR(L50/I50,0) -> 0.33333333
B51: 3 | C51: 3.4 | D51: Construya un estudio de modelos conceptuales y modelos de laboratorio: para construir un modelo conceptual que investigue temas específicos. Por ejemplo: tiempos y perfiles de ruptura del trazador, meseta de relación WOR de depósitos de múltiples capas, para investigar la aplicación de nueva tecnología (basada en polímeros o basada en térmicas). Problemas de conformance, aplicabilidad del polímero en un campo específico, investigar el efecto del espaciamiento de pozos y los tipos de patrones (5 puntos, 5 puntos invertidos, 7 puntos, unidad de línea) en proyectos EOR químicos. Un estudio conceptual para desarrollar una metodología práctica para tecnologías nuevas y actuales basadas en datos de campo y de laboratorio (metodología para modelar polímeros de preferencia cruzada, nano- surfactante). Desarrollar una metodología para integrar y modelar pozos de múltiples segmentos y datos ILT. | E51: Camila Fernanda Medina Sandoval | F51: Senior | G51: Construcción del plan de trabajo de la célula de Yacimiento Y productividad. Construcción de plan de trabajo y priorización de actividades de la célula de Integridad. Análisis de informes técnicos de resultados de calidad de agua, con el objetivo de demostrar la evaluación de diagnósticos realizados en el campo Llanito Unificado (2019-2024) Definición de parámetros de calidad de agua, vista proyecto WAG en el campo Galán, para búsqueda de nuevas tecnologías en el mercado. Construcción de matriz de ponderación para evaluación de nuevas metodologías para mejorar la calidad de Agua del campo Galán. Análisis de fallas de los pozos productores de interés para el proyecto de Inyección de CO2 en el campo Galán. Gestión ante los diferentes equipos ejecutores de las mediciones del plan MMV del proyecto WAG ciclo coroto del campo llanito Unificado para la entrega y consolidación de resultados. Participación en reuniones de seguimiento al proyecto WAG de ciclo corto. Programación de reuniones de seguimiento y gestiona miento de actividades de células de trabajo. | H51: Digital | I51: 225 | J51: 30 | K51: =IFERROR(J51/I51,0) -> 0.13333333 | L51: =+'ENERO 2026'!L51+J51 -> 45 | M51: =IFERROR(L51/I51,0) -> 0.2
B52: 3 | C52: 3.10 | D52: Control de calidad del dato adquirido para valorar representatividad de la prueba en cuestión. De ser válidas, levantamiento de información de entrada para análisis e interpretación (registros de desviación, estado mecánico de cada pozo, caliper/bit size ("), espesor neto (pies TVD), porosidad media (phi), Sw, PVT, producciones asociadas, corte de agua, salinidades, mapa estructural, etc. | E52: Giovanni Martinez Leones | F52: Junior | G52: Inventario - Informe de Representatividad (Preliminar) | H52: Digital | I52: 23 | J52: 3 | K52: =IFERROR(J52/I52,0) -> 0.13043478 | L52: =+'ENERO 2026'!L52+J52 -> 4 | M52: =IFERROR(L52/I52,0) -> 0.17391304
B53: 3 | C53: 3.13 | D53: Generar base de datos de producción (OFM o la que se requiera) | G53: Base de Datos | H53: Digital | I53: 23 | J53: 3 | K53: =IFERROR(J53/I53,0) -> 0.13043478 | L53: =+'ENERO 2026'!L53+J53 -> 4 | M53: =IFERROR(L53/I53,0) -> 0.17391304
B54: 3 | C54: 3.17 | D54: Analizar data histórica de producción, productividad y daño por pozo | G54: Base de Datos - Informe de la Evaluación | H54: Digital | I54: 23 | J54: 3 | K54: =IFERROR(J54/I54,0) -> 0.13043478 | L54: =+'ENERO 2026'!L54+J54 -> 4 | M54: =IFERROR(L54/I54,0) -> 0.17391304
B55: 3 | C55: 3.18 | D55: Generar perfiles de Producción por pozos para pozos existente en escenarios Bajo, Medio y Alto | G55: Base de Datos - Informe de la Evaluación | H55: Digital | I55: 23 | J55: 3 | K55: =IFERROR(J55/I55,0) -> 0.13043478 | L55: =+'ENERO 2026'!L55+J55 -> 5 | M55: =IFERROR(L55/I55,0) -> 0.2173913
B56: 5 | C56: 5.10 | D56: Generar bases de datos de Eventos de | G56: Base de Datos | H56: Digital | I56: 23 | J56: 3 | K56: =IFERROR(J56/I56,0) -> 0.13043478 | L56: =+'ENERO 2026'!L56+J56 -> 5 | M56: =IFERROR(L56/I56,0) -> 0.2173913
B57: 5 | C57: 5.40 | D57: Generar modelo de Pozos | G57: Base de Datos - Informe de la Evaluación | H57: Digital | I57: 22 | J57: 3 | K57: =IFERROR(J57/I57,0) -> 0.13636364 | L57: =+'ENERO 2026'!L57+J57 -> 4 | M57: =IFERROR(L57/I57,0) -> 0.18181818
B58: 5 | C58: 5.50 | D58: Adelantar la evaluación de productividad en los activos | G58: Base de Datos - Informe de la Evaluación | H58: Digital | I58: 22 | J58: 3 | K58: =IFERROR(J58/I58,0) -> 0.13636364 | L58: =+'ENERO 2026'!L58+J58 -> 5 | M58: =IFERROR(L58/I58,0) -> 0.22727273
B59: 5 | C59: 5.60 | D59: Generar los análisis asociados a | G59: Base de Datos - Informe de la Evaluación | H59: Digital | I59: 22 | J59: 3 | K59: =IFERROR(J59/I59,0) -> 0.13636364 | L59: =+'ENERO 2026'!L59+J59 -> 5 | M59: =IFERROR(L59/I59,0) -> 0.22727273
B60: 5 | C60: 5.90 | D60: Realizar el seguimiento de producción | G60: Base de Datos - Informe de la Evaluación | H60: Digital | I60: 22 | J60: 3 | K60: =IFERROR(J60/I60,0) -> 0.13636364 | L60: =+'ENERO 2026'!L60+J60 -> 5 | M60: =IFERROR(L60/I60,0) -> 0.22727273
B61: 8 | C61: 8.50 | D61: Programación del modelo matemático en las herramientas que se considere más adecuada, e.g. R, Python, SAS, C++, Java, Matlab, Visual, etc. Los scripts deben respetar los planteamientos y consideraciones contenidas en el informe, debe contener buenas prácticas de programación (e.g. comentarios, identación (anglicismo de “identation”), separación por métodos o funciones, etc. – el programa no necesariamente debe estar orientado a objetos y otros paradigmas, e.g. la programación funcional podría ser altamente recomendable). | G61: Código. | H61: Digital | I61: 22 | J61: 3 | K61: =IFERROR(J61/I61,0) -> 0.13636364 | L61: =+'ENERO 2026'!L61+J61 -> 4 | M61: =IFERROR(L61/I61,0) -> 0.18181818
I62: TOTAL ACUMULADO
I63: =+SUM(I13:I61) -> 2205 | J63: =+SUM(J13:J61) -> 300 | K63: =IFERROR(J63/I63,0) -> 0.13605442 | L63: =+SUM(L13:L61) -> 450 | M63: =IFERROR(L63/I63,0) -> 0.20408163
B66: Observaciones: | D66: 4.3 4.4 4.8 Junior (JDAM): Carga de los reportes PVT y de caracterización de hidrocarburos en la plataforma ETLWeb PVT incorporando la información correspondiente al reporte Quifa-325H Assay III. Pruebas de escritorio sobre los reportes PVT y de caracterización de hidrocarburos correspondientes a los pozos Lorito-A1, Capachos Sur-1, Chichimene-175 y Tejón-1. Revisión técnica de los requerimientos asociados a las plataformas ETLWeb PVT y ecoVisor PVT correspondientes al periodo 2026. El objetivo es evaluar su viabilidad, consistencia funcional y alineación con las necesidades operativas y de gestión de datos. Construcción Modelo de Fluidos Crudo Muerto para los campos Rubiales, Quifa y Caño Sur usando 5 diferentes Assay´s III representativos: La construcción del modelo incluyó la integración y análisis de la información composicional, la caracterización de los cortes y las fracciones pesadas y la validación de propiedades fisicoquímicas. Construcción Modelo de Fluidos Crudo Muerto para los campos Rubiales, Quifa y Caño Sur usando los Assay,s III de Rb-1572H y Rb-1319 y diferentes aproximaciones para la caracterización de la Fracción pesada (Mod KF/Satyro, Castellanos y Soreide): La construcción del modelo incluyó la implementación y evaluación de tres enfoques metodológicos para la caracterización de la fracción pesada, considerando la representación composicional, ajuste de propiedades de la fracción pesada y consistencia termodinámica del sistema. Construcción Modelo de Fluidos Crudo Muerto para los campos Rubiales, Quifa y Caño Sur usando los Assay,s III de Rb-1572H y Rb-1319, 2 aproximaciones para la caracterización de la Fracción pesada y 6 diferentes correlaciones para el cálculo de las Propiedades Críticas y Factor Acéntrico: El desarrollo del modelo incluyó la implementación de dos enfoques metodológicos para la caracterización de la fracción pesada, así como la evaluación de seis correlaciones para la estimación de las propiedades críticas y el factor acéntrico de los pseudocomponentes generados. Revisión de la Información Experimental de los Assay´s III de Crudos Pesados y Extrapesados reportados en el trabajo de grado de Maria Catalina Sanchez enfocados a la tendencia de SG y Tb: Se realizó la revisión técnica de la información experimental correspondiente a los Assay’s III de crudos pesados y extrapesados reportados en el trabajo de grado de María Catalina Sánchez, enfocada en el análisis de las tendencias de gravedad específica (SG) y temperatura de ebullición (Tb). Análisis Correlación "New Method Castellanos" para el cálculo de SG a partir de Tbi para los fluidos de la Tesis "Extended Distillation and Property Correlations for Heavy Oil" y los campos Rubiales, Quifa y CASE: Se realizó el análisis de la correlación “New Method Castellanos” para la estimación de la gravedad específica (SG) a partir de la temperatura de ebullición inicial (Tbi), utilizando los fluidos reportados en la tesis “Extended Distillation and Property Correlations for Heavy Oil”, así como los correspondientes a los campos Rubiales, Quifa y Caño Sur (CASE). Comparación Ajuste de Parámetros para la correlación “New Method Castellanos” en Excel y software corporativo ecoPVT+: Se realizó la comparación del ajuste de parámetros de la correlación “New Method Castellanos” mediante su implementación en Excel y en el software corporativo ecoPVT+, con el objetivo de evaluar la consistencia y reproducibilidad de los resultados.
D67: 4.3 4.4 4.8 Básico (NA): Se consolidó y entregó al equipo de desarrollo el documento resumen del trabajo para la construcción del modelo PVT del campo Pachaquiaro. Se actualizaron propiedades PVT para reportes ANH del campo Suria mediante trabajo conjunto con Reservas y sesiones de respuesta a requerimientos. Se realizaron sesiones de Well Review para validar consistencia entre datos PVT y pruebas iniciales/históricos de producción de los campos Andina, Capachos y Capachos Sur. Se alineó el enfoque metodológico del modelo (variación composicional vs. black oil) y se definió trabajar bajo esquema black oil en el modelo de fluidos de los campos Andina, Capachos y Capachos Sur. Se generaron en WinProp las composiciones de inicialización de los campos Andina, Capachos y Capachos Sur como insumo para integración del modelo. Se inventarió y organizó la información Assay III del Putumayo y se compartieron los Assay III del Área Sur. Se cerró el soporte PVT al equipo de desarrollo del modelo dinámico de Villeta N en Loro, entregando slides para presentación ejecutiva y reuniones con socio. Se desarrolló la primera versión de un código específico de recombinación de pozos commingled para el sistema de fluidos del campo Suria. Se incorporaron condicionales al código para identificar campo por UWI y asignar automáticamente el modelo de fluidos correspondiente. Se generaron sensibilidades de viscosidad de crudo vivo para Kimera usando la EoS Suria–Pachaquiaro T2, variando Rs y temperatura según solicitudes.
D68: 4.3 4.4 4.8 Básico (CS): 4.3. Se trabaja en el análisis del comportamiento der las diferentes muestras analizadas en el ICPET de Loma Larga-10, integrande caracterizaciones de fluidos de campos cercanos con la finalidad de encontrar tendencias para estas muestras. Se genera una presentación para análisis con equipo de campo. 4.4. Se realiza la carga de dos reportes Assay III pendientes de Castilla y Tinamú. Se identifican oportunidades de carga y mejora de información cargada para dos pozos de Cebú y Dina T. Se genera base de datos interna de todos los reportes disponibles de los campos Dina Cretáceo, Dina Terciario y Dina Norte. Se genera inventario de reportes Assay III de toda la zona del Huila. 4.8.Se genera una actualización del modelamiento de fluidos para el campo Palogrande, haciendo énfasis en las muestras de interés para el diseño de la toma de muestras para pruebas de desplazamiento de fluidos en núcleos en muestras de pozos perforados en el campo. De igual manera, se realiza un análisis de comportamiento de cromatografías de gas disponibles en Rio Ceibas, así como escenarios de gradientes composicionales en cada una de las arenas de estudio que fueron cañoneadas en el pozo Rio Ceibas-71
D69: 8.1 8.2 8.3 8.4 8.5 8.6 Junior (OJ): * Realizar capacitación sobre el uso de la funcionalidad de cálculo de VPN por patrón en la Solución Digital de Planes de Desarrollo (SDPD). * Recopilar desde la SDPD la información paramétrica correspondiente al Plan de Desarrollo 2025 del campo Llanito Unificado. * Reestructurar la parametrización con el fin de ejecutar los diferentes escenarios de desarrollo del campo Llanito Unificado en una única corrida del modelo. * Reestructurar la configuración de complejidad de las facilidades del campo Llanito Unificado, simplificando su parametrización sin afectar la calidad de los resultados, garantizando la replicabilidad con diferencias marginales o despreciables. * Cargar y ejecutar los modelos determinístico y probabilístico asociados al Plan de Desarrollo 2025 del campo Llanito Unificado en la versión vigente de la SDPD. * Comparar y analizar los resultados obtenidos en cada ejecución, identificando variaciones, impactos en los indicadores económicos y consistencia de los resultados. * Identificar, documentar y realizar seguimiento a la corrección de los errores (bugs) detectados durante la ejecución del modelo del Plan de Desarrollo del campo Llanito Unificado.
B70: ¿Se presentó algún aspecto o situación que afecte la ejecución y calidad de los entregables? (Marque con una X)
B72: PROFESIONAL
B73: SI | D73: Describa en este espacio su observación
B74: NO
B75: ¿Se presentó algún aspecto o situación que afecte la ejecución y calidad de los entregables? (Marque con una X)
B77: INTERVENTOR O LIDER
B78: SI | D78: Describa en este espacio su observación
B79: NO
B83: Revisa: | J83: Jose Mario Martínez Londoño
A110: MES
A111: ENERO
A112: FEBRERO
A113: MARZO
A114: ABRIL
A115: MAYO
A116: JUNIO
A117: JULIO
A118: AGOSTO
A119: SEPTIEMBRE
A120: OCTUBRE
A121: NOVIEMBRE
A122: DICIEMBRE
